#,#,#,2,2,2,2,2,2,2,2,2,2,2,2,2,2,2,2,2,2,4,4,4,4,4,4,4,4,4,4,4,4,8,8,8,10,10,10,14,14,15,15,15,15,15
#,#,#,Name,File path,Created on,Studiable type,Axis name - X,Axis length - X,Axis size - X,Axis spacing - X,Axis name - Y,Axis length - Y,Axis size - Y,Axis spacing - Y,Axis name - Z,Layer type - Z,Axis length - Z,Axis size - Z,Axis spacing - Z,NM-points ratio - Z,Name,Axis name - X,Axis length - X,Axis size - X,Axis name - Y,Axis length - Y,Axis size - Y,Axis name - Z,Layer type - Z,Axis length - Z,Axis size - Z,NM-points ratio - Z,Name,Axis name - Z,NM-points ratio - Z,Name,Axis name - Z,NM-points ratio - Z,Length-scale anisotropy (Sfrax) (epLsar),Length-scale anisotropy (NewEplsar),Reg. coefficient R�,Fractal complexity (Asfc),Scale of max complexity (Smfc),HAsfc9 (HAsfc9),HAsfc81 (HAsfc81)
#,#,#,<no unit>,<no unit>,<no unit>,<no unit>,<no unit>,�m,points,�m,<no unit>,�m,points,�m,<no unit>,<no unit>,�m,digits,�m,%,<no unit>,<no unit>,�m,points,<no unit>,�m,points,<no unit>,<no unit>,�m,digits,%,<no unit>,<no unit>,%,<no unit>,<no unit>,%,<no unit>,<no unit>,<no unit>,<no unit>,�m�,<no unit>,<no unit>
2021/11/29,10:32:30,D:\Data\3Ddata\SSFA\Lithics\ConfoMap results\v8.2.9767\SSFA-Lithics_NMPfilled_v8.2.9767 --- FLT3-8_LSM_50x-0.95_20190321_Area1_Topo.mnt,FLT3-8_LSM_50x-0.95_20190321_Area1_Topo,D:\Data\3Ddata\SSFA\Lithics\Original surfaces\FLT3-8_LSM_50x-0.95_20190321_Area1_Topo.sur,3/21/2019 11:34:42 AM,Surface,X,255.4748064,3000,0.08518666436,Y,255.4748064,3000,0.08518666436,Z,Topography,46.94723113,65534,0.0007163797591,0,FLT3-8_LSM_50x-0.95_20190321_Area1_Topo > Extracted area,X,50.00457198,588,Y,50.00457198,588,Z,Topography,28.04841671,39153,0,FLT3-8_LSM_50x-0.95_20190321_Area1_Topo > Extracted area > Form removed (LS-poly 2) > Leveled (LS-plane) > Outliers removed,Z,45.64996066,FLT3-8_LSM_50x-0.95_20190321_Area1_Topo > Extracted area > Form removed (LS-poly 2) > Leveled (LS-plane) > Outliers removed > Thresholded (0.1000 % ; 99.90 %),Z,45.75842242,0.002191890821,0.01710405668,0.9971472533,68.22224309,0.3068635466,0.1617157036,0.2868278611
2021/11/29,10:33:56,D:\Data\3Ddata\SSFA\Lithics\ConfoMap results\v8.2.9767\SSFA-Lithics_NMPfilled_v8.2.9767 --- FLT3-8_LSM_50x-0.95_20190321_Area2_Topo.mnt,FLT3-8_LSM_50x-0.95_20190321_Area2_Topo,D:\Data\3Ddata\SSFA\Lithics\Original surfaces\FLT3-8_LSM_50x-0.95_20190321_Area2_Topo.sur,3/21/2019 2:31:50 PM,Surface,X,255.4748064,3000,0.08518666436,Y,255.4748064,3000,0.08518666436,Z,Topography,22.31420905,65532,0.000340508592,0.1417,FLT3-8_LSM_50x-0.95_20190321_Area2_Topo > Extracted area,X,50.00457198,588,Y,50.00457198,588,Z,Topography,7.568824983,22228,0,FLT3-8_LSM_50x-0.95_20190321_Area2_Topo > Extracted area > Form removed (LS-poly 2) > Leveled (LS-plane) > Outliers removed,Z,2.807279374,FLT3-8_LSM_50x-0.95_20190321_Area2_Topo > Extracted area > Form removed (LS-poly 2) > Leveled (LS-plane) > Outliers removed > Thresholded (0.1000 % ; 99.90 %),Z,3.00077514,0.001807816103,0.01804825752,0.9989563198,45.01255794,0.1004648173,0.1510845649,0.2939818514
2021/11/29,10:34:47,D:\Data\3Ddata\SSFA\Lithics\ConfoMap results\v8.2.9767\SSFA-Lithics_NMPfilled_v8.2.9767 --- FLT3-8_LSM2_50x-0.95_20190801_Area1_Topo.mnt,FLT3-8_LSM2_50x-0.95_20190801_Area1_Topo,D:\Data\3Ddata\SSFA\Lithics\Original surfaces\FLT3-8_LSM2_50x-0.95_20190801_Area1_Topo.sur,8/1/2019 11:07:00 AM,Surface,X,255.4748064,3000,0.08518666436,Y,255.4748064,3000,0.08518666436,Z,Topography,36.07910068,65532,0.0005505569902,0,FLT3-8_LSM2_50x-0.95_20190801_Area1_Topo > Extracted area,X,50.00457198,588,Y,50.00457198,588,Z,Topography,15.39742735,27967,0,FLT3-8_LSM2_50x-0.95_20190801_Area1_Topo > Extracted area > Form removed (LS-poly 2) > Leveled (LS-plane) > Outliers removed,Z,4.676292286,FLT3-8_LSM2_50x-0.95_20190801_Area1_Topo > Extracted area > Form removed (LS-poly 2) > Leveled (LS-plane) > Outliers removed > Thresholded (0.1000 % ; 99.90 %),Z,4.866895738,0.002728691803,0.01660217518,0.9991144199,44.88858642,0.1004648173,0.1753363325,0.4217616841
2021/11/29,10:35:37,D:\Data\3Ddata\SSFA\Lithics\ConfoMap results\v8.2.9767\SSFA-Lithics_NMPfilled_v8.2.9767 --- FLT3-8_LSM2_50x-0.95_20190801_Area2_Topo.mnt,FLT3-8_LSM2_50x-0.95_20190801_Area2_Topo,D:\Data\3Ddata\SSFA\Lithics\Original surfaces\FLT3-8_LSM2_50x-0.95_20190801_Area2_Topo.sur,8/1/2019 11:22:58 AM,Surface,X,255.4748064,3000,0.08518666436,Y,255.4748064,3000,0.08518666436,Z,Topography,19.90234442,65532,0.000303704212,0,FLT3-8_LSM2_50x-0.95_20190801_Area2_Topo > Extracted area,X,50.00457198,588,Y,50.00457198,588,Z,Topography,5.296905162,17441,0,FLT3-8_LSM2_50x-0.95_20190801_Area2_Topo > Extracted area > Form removed (LS-poly 2) > Leveled (LS-plane) > Outliers removed,Z,2.221585913,FLT3-8_LSM2_50x-0.95_20190801_Area2_Topo > Extracted area > Form removed (LS-poly 2) > Leveled (LS-plane) > Outliers removed > Thresholded (0.1000 % ; 99.90 %),Z,2.416527836,0.002668108526,0.0178567085,0.9991010445,49.1789018,0.1004648173,0.2174554207,0.3175200085
2021/11/29,10:36:11,D:\Data\3Ddata\SSFA\Lithics\ConfoMap results\v8.2.9767\SSFA-Lithics_NMPfilled_v8.2.9767 --- FLT3-9_LSM_50x-0.95_20190321_Area1_Topo.mnt,FLT3-9_LSM_50x-0.95_20190321_Area1_Topo,D:\Data\3Ddata\SSFA\Lithics\Original surfaces\FLT3-9_LSM_50x-0.95_20190321_Area1_Topo.sur,3/21/2019 3:53:59 PM,Surface,X,255.4748064,3000,0.08518666436,Y,255.4748064,3000,0.08518666436,Z,Topography,17.85351511,65532,0.0002724396495,0,FLT3-9_LSM_50x-0.95_20190321_Area1_Topo > Extracted area,X,50.00457198,588,Y,50.00457198,588,Z,Topography,7.501625749,27535,0,FLT3-9_LSM_50x-0.95_20190321_Area1_Topo > Extracted area > Form removed (LS-poly 2) > Leveled (LS-plane) > Outliers removed,Z,4.733560091,FLT3-9_LSM_50x-0.95_20190321_Area1_Topo > Extracted area > Form removed (LS-poly 2) > Leveled (LS-plane) > Outliers removed > Thresholded (0.1000 % ; 99.90 %),Z,4.923874312,0.001342898516,0.01708514642,0.9984697808,38.57628413,0.1004648173,0.2535209046,0.3645124038
2021/11/29,10:37:30,D:\Data\3Ddata\SSFA\Lithics\ConfoMap results\v8.2.9767\SSFA-Lithics_NMPfilled_v8.2.9767 --- FLT3-9_LSM_50x-0.95_20190321_Area2_Topo.mnt,FLT3-9_LSM_50x-0.95_20190321_Area2_Topo,D:\Data\3Ddata\SSFA\Lithics\Original surfaces\FLT3-9_LSM_50x-0.95_20190321_Area2_Topo.sur,3/21/2019 4:36:18 PM,Surface,X,255.4748064,3000,0.08518666436,Y,255.4748064,3000,0.08518666436,Z,Topography,36.44091604,65532,0.0005560781915,0.1406444444,FLT3-9_LSM_50x-0.95_20190321_Area2_Topo > Extracted area,X,50.00457198,588,Y,50.00457198,588,Z,Topography,8.948410258,16092,0.004338470082,FLT3-9_LSM_50x-0.95_20190321_Area2_Topo > Extracted area > Form removed (LS-poly 2) > Leveled (LS-plane) > Outliers removed,Z,3.650099496,FLT3-9_LSM_50x-0.95_20190321_Area2_Topo > Extracted area > Form removed (LS-poly 2) > Leveled (LS-plane) > Outliers removed > Thresholded (0.1000 % ; 99.90 %),Z,3.842438336,0.002142569443,0.01715710311,0.9988323968,44.85846689,0.1004648173,0.09025540084,0.2586428146
2021/11/29,10:38:17,D:\Data\3Ddata\SSFA\Lithics\ConfoMap results\v8.2.9767\SSFA-Lithics_NMPfilled_v8.2.9767 --- FLT3-9_LSM2_50x-0.95_20190801_Area1_Topo.mnt,FLT3-9_LSM2_50x-0.95_20190801_Area1_Topo,D:\Data\3Ddata\SSFA\Lithics\Original surfaces\FLT3-9_LSM2_50x-0.95_20190801_Area1_Topo.sur,8/1/2019 4:23:16 PM,Surface,X,255.4748064,3000,0.08518666436,Y,255.4748064,3000,0.08518666436,Z,Topography,30.98242116,65532,0.0004727830856,0,FLT3-9_LSM2_50x-0.95_20190801_Area1_Topo > Extracted area,X,50.00457198,588,Y,50.00457198,588,Z,Topography,6.777818315,14336,0,FLT3-9_LSM2_50x-0.95_20190801_Area1_Topo > Extracted area > Form removed (LS-poly 2) > Leveled (LS-plane) > Outliers removed,Z,3.100559952,FLT3-9_LSM2_50x-0.95_20190801_Area1_Topo > Extracted area > Form removed (LS-poly 2) > Leveled (LS-plane) > Outliers removed > Thresholded (0.1000 % ; 99.90 %),Z,3.293766486,0.0002049663924,0.01764098897,0.9985162009,52.35611571,0.1004648173,0.145071985,0.2414260519
2021/11/29,10:40:39,D:\Data\3Ddata\SSFA\Lithics\ConfoMap results\v8.2.9767\SSFA-Lithics_NMPfilled_v8.2.9767 --- FLT3-9_LSM2_50x-0.95_20190801_Area2_Topo.mnt,FLT3-9_LSM2_50x-0.95_20190801_Area2_Topo,D:\Data\3Ddata\SSFA\Lithics\Original surfaces\FLT3-9_LSM2_50x-0.95_20190801_Area2_Topo.sur,8/1/2019 5:01:40 PM,Surface,X,255.4748064,3000,0.08518666436,Y,255.4748064,3000,0.08518666436,Z,Topography,43.18139506,65532,0.0006589360169,0,FLT3-9_LSM2_50x-0.95_20190801_Area2_Topo > Extracted area,X,50.00457198,588,Y,50.00457198,588,Z,Topography,10.26292846,15575,0,FLT3-9_LSM2_50x-0.95_20190801_Area2_Topo > Extracted area > Form removed (LS-poly 2) > Leveled (LS-plane) > Outliers removed,Z,4.702612337,FLT3-9_LSM2_50x-0.95_20190801_Area2_Topo > Extracted area > Form removed (LS-poly 2) > Leveled (LS-plane) > Outliers removed > Thresholded (0.1000 % ; 99.90 %),Z,4.891769633,0.001819059379,0.01698677161,0.9984722474,48.21311649,0.1004648173,0.1539020721,0.2728563063
2021/11/29,10:41:57,D:\Data\3Ddata\SSFA\Lithics\ConfoMap results\v8.2.9767\SSFA-Lithics_NMPfilled_v8.2.9767 --- FLT3-10_LSM_50x-0.95_20190328_Area1_Topo.mnt,FLT3-10_LSM_50x-0.95_20190328_Area1_Topo,D:\Data\3Ddata\SSFA\Lithics\Original surfaces\FLT3-10_LSM_50x-0.95_20190328_Area1_Topo.sur,3/28/2019 3:19:32 PM,Surface,X,255.4748064,3000,0.08518666436,Y,255.4748064,3000,0.08518666436,Z,Topography,22.18041969,65532,0.0003384670038,0,FLT3-10_LSM_50x-0.95_20190328_Area1_Topo > Extracted area,X,50.00457198,588,Y,50.00457198,588,Z,Topography,5.148421594,15211,0,FLT3-10_LSM_50x-0.95_20190328_Area1_Topo > Extracted area > Form removed (LS-poly 2) > Leveled (LS-plane) > Outliers removed,Z,1.57052617,FLT3-10_LSM_50x-0.95_20190328_Area1_Topo > Extracted area > Form removed (LS-poly 2) > Leveled (LS-plane) > Outliers removed > Thresholded (0.1000 % ; 99.90 %),Z,1.766335786,0.002819223341,0.01654115803,0.9989831778,44.6740719,0.1004648173,0.07663489617,0.2368160362
2021/11/29,10:42:41,D:\Data\3Ddata\SSFA\Lithics\ConfoMap results\v8.2.9767\SSFA-Lithics_NMPfilled_v8.2.9767 --- FLT3-10_LSM_50x-0.95_20190328_Area2_Topo.mnt,FLT3-10_LSM_50x-0.95_20190328_Area2_Topo,D:\Data\3Ddata\SSFA\Lithics\Original surfaces\FLT3-10_LSM_50x-0.95_20190328_Area2_Topo.sur,3/28/2019 4:11:01 PM,Surface,X,255.4748064,3000,0.08518666436,Y,255.4748064,3000,0.08518666436,Z,Topography,24.15307705,65532,0.0003685692036,0,FLT3-10_LSM_50x-0.95_20190328_Area2_Topo > Extracted area,X,50.00457198,588,Y,50.00457198,588,Z,Topography,6.448118217,17495,0,FLT3-10_LSM_50x-0.95_20190328_Area2_Topo > Extracted area > Form removed (LS-poly 2) > Leveled (LS-plane) > Outliers removed,Z,1.727578787,FLT3-10_LSM_50x-0.95_20190328_Area2_Topo > Extracted area > Form removed (LS-poly 2) > Leveled (LS-plane) > Outliers removed > Thresholded (0.1000 % ; 99.90 %),Z,1.92280994,0.002529152347,0.01702858706,0.9991156514,43.74263502,0.1004648173,0.09994383088,0.2608171702
2021/11/29,10:43:47,D:\Data\3Ddata\SSFA\Lithics\ConfoMap results\v8.2.9767\SSFA-Lithics_NMPfilled_v8.2.9767 --- FLT3-10_LSM2_50x-0.95_20190731_Area1_Topo.mnt,FLT3-10_LSM2_50x-0.95_20190731_Area1_Topo,D:\Data\3Ddata\SSFA\Lithics\Original surfaces\FLT3-10_LSM2_50x-0.95_20190731_Area1_Topo.sur,7/31/2019 2:29:33 PM,Surface,X,255.4748064,3000,0.08518666436,Y,255.4748064,3000,0.08518666436,Z,Topography,32.92187518,65532,0.0005023786116,0,FLT3-10_LSM2_50x-0.95_20190731_Area1_Topo > Extracted area,X,50.00457198,588,Y,50.00457198,588,Z,Topography,7.682876107,15293,0,FLT3-10_LSM2_50x-0.95_20190731_Area1_Topo > Extracted area > Form removed (LS-poly 2) > Leveled (LS-plane) > Outliers removed,Z,2.016520894,FLT3-10_LSM2_50x-0.95_20190731_Area1_Topo > Extracted area > Form removed (LS-poly 2) > Leveled (LS-plane) > Outliers removed > Thresholded (0.1000 % ; 99.90 %),Z,2.211462816,0.002683911906,0.01664714141,0.9986471806,45.72611112,0.1004648173,0.0925234176,0.1887983624
2021/11/29,10:44:29,D:\Data\3Ddata\SSFA\Lithics\ConfoMap results\v8.2.9767\SSFA-Lithics_NMPfilled_v8.2.9767 --- FLT3-10_LSM2_50x-0.95_20190731_Area2_Topo.mnt,FLT3-10_LSM2_50x-0.95_20190731_Area2_Topo,D:\Data\3Ddata\SSFA\Lithics\Original surfaces\FLT3-10_LSM2_50x-0.95_20190731_Area2_Topo.sur,7/31/2019 2:49:31 PM,Surface,X,255.4748064,3000,0.08518666436,Y,255.4748064,3000,0.08518666436,Z,Topography,20.79223588,65532,0.0003172837069,0,FLT3-10_LSM2_50x-0.95_20190731_Area2_Topo > Extracted area,X,50.00457198,588,Y,50.00457198,588,Z,Topography,6.358365486,20040,0,FLT3-10_LSM2_50x-0.95_20190731_Area2_Topo > Extracted area > Form removed (LS-poly 2) > Leveled (LS-plane) > Outliers removed,Z,1.865252904,FLT3-10_LSM2_50x-0.95_20190731_Area2_Topo > Extracted area > Form removed (LS-poly 2) > Leveled (LS-plane) > Outliers removed > Thresholded (0.1000 % ; 99.90 %),Z,2.06106252,0.001469931208,0.01736527476,0.9992655104,42.69693339,0.1004648173,0.1675429529,0.2165747253
2021/11/29,10:48:17,D:\Data\3Ddata\SSFA\Lithics\ConfoMap results\v8.2.9767\SSFA-Lithics_NMPfilled_v8.2.9767 --- FLT3-13_LSM_50x-0.95_20190328_Area1_Topo.mnt,FLT3-13_LSM_50x-0.95_20190328_Area1_Topo,D:\Data\3Ddata\SSFA\Lithics\Original surfaces\FLT3-13_LSM_50x-0.95_20190328_Area1_Topo.sur,3/28/2019 11:44:28 AM,Surface,X,255.4748064,3000,0.08518666436,Y,255.4748064,3000,0.08518666436,Z,Topography,16.68944275,65531,0.000254680117,0,FLT3-13_LSM_50x-0.95_20190328_Area1_Topo > Extracted area,X,50.00457198,588,Y,50.00457198,588,Z,Topography,8.7946138,34532,0,FLT3-13_LSM_50x-0.95_20190328_Area1_Topo > Extracted area > Form removed (LS-poly 2) > Leveled (LS-plane) > Outliers removed,Z,3.909250775,FLT3-13_LSM_50x-0.95_20190328_Area1_Topo > Extracted area > Form removed (LS-poly 2) > Leveled (LS-plane) > Outliers removed > Thresholded (0.1000 % ; 99.90 %),Z,4.101011153,0.001557564455,0.01701517743,0.9981923748,55.58561369,0.1004648173,0.1004931439,0.2276005903
2021/11/29,11:02:40,D:\Data\3Ddata\SSFA\Lithics\ConfoMap results\v8.2.9767\SSFA-Lithics_NMPfilled_v8.2.9767 --- FLT3-13_LSM_50x-0.95_20190328_Area2_Topo.mnt,FLT3-13_LSM_50x-0.95_20190328_Area2_Topo,D:\Data\3Ddata\SSFA\Lithics\Original surfaces\FLT3-13_LSM_50x-0.95_20190328_Area2_Topo.sur,3/28/2019 2:08:52 PM,Surface,X,255.4748064,3000,0.08518666436,Y,255.4748064,3000,0.08518666436,Z,Topography,18.95332451,65531,0.0002892268469,0.1338555556,FLT3-13_LSM_50x-0.95_20190328_Area2_Topo > Extracted area,X,50.00457198,588,Y,50.00457198,588,Z,Topography,7.224308182,24978,0,FLT3-13_LSM_50x-0.95_20190328_Area2_Topo > Extracted area > Form removed (LS-poly 2) > Leveled (LS-plane) > Outliers removed,Z,3.793269008,FLT3-13_LSM_50x-0.95_20190328_Area2_Topo > Extracted area > Form removed (LS-poly 2) > Leveled (LS-plane) > Outliers removed > Thresholded (0.1000 % ; 99.90 %),Z,3.985318617,0.002058489711,0.01674657191,0.9976132387,54.09233552,0.1004648173,0.1102780491,0.1951037382
2021/11/29,11:04:19,D:\Data\3Ddata\SSFA\Lithics\ConfoMap results\v8.2.9767\SSFA-Lithics_NMPfilled_v8.2.9767 --- FLT3-13_LSM2_50x-0.95_20190730_Area1-trial2_Topo.mnt,FLT3-13_LSM2_50x-0.95_20190730_Area1-trial2_Topo,D:\Data\3Ddata\SSFA\Lithics\Original surfaces\FLT3-13_LSM2_50x-0.95_20190730_Area1-trial2_Topo.sur,7/30/2019 10:35:58 AM,Surface,X,255.4748064,3000,0.08518666436,Y,255.4748064,3000,0.08518666436,Z,Topography,21.26415851,65532,0.0003244851143,0.1382222222,FLT3-13_LSM2_50x-0.95_20190730_Area1-trial2_Topo > Extracted area,X,50.00457198,588,Y,50.00457198,588,Z,Topography,8.314282085,25623,0,FLT3-13_LSM2_50x-0.95_20190730_Area1-trial2_Topo > Extracted area > Form removed (LS-poly 2) > Leveled (LS-plane) > Outliers removed,Z,4.2537253,FLT3-13_LSM2_50x-0.95_20190730_Area1-trial2_Topo > Extracted area > Form removed (LS-poly 2) > Leveled (LS-plane) > Outliers removed > Thresholded (0.1000 % ; 99.90 %),Z,4.444617983,0.00300110989,0.01679243852,0.9988839764,29.39500228,0.1755818616,0.2557165867,0.6205777856
2021/11/29,11:05:02,D:\Data\3Ddata\SSFA\Lithics\ConfoMap results\v8.2.9767\SSFA-Lithics_NMPfilled_v8.2.9767 --- FLT3-13_LSM2_50x-0.95_20190730_Area2_Topo.mnt,FLT3-13_LSM2_50x-0.95_20190730_Area2_Topo,D:\Data\3Ddata\SSFA\Lithics\Original surfaces\FLT3-13_LSM2_50x-0.95_20190730_Area2_Topo.sur,7/30/2019 12:01:37 PM,Surface,X,255.4748064,3000,0.08518666436,Y,255.4748064,3000,0.08518666436,Z,Topography,38.76025197,65532,0.0005914706094,0,FLT3-13_LSM2_50x-0.95_20190730_Area2_Topo > Extracted area,X,50.00457198,588,Y,50.00457198,588,Z,Topography,8.698758252,14707,0,FLT3-13_LSM2_50x-0.95_20190730_Area2_Topo > Extracted area > Form removed (LS-poly 2) > Leveled (LS-plane) > Outliers removed,Z,4.471516498,FLT3-13_LSM2_50x-0.95_20190730_Area2_Topo > Extracted area > Form removed (LS-poly 2) > Leveled (LS-plane) > Outliers removed > Thresholded (0.1000 % ; 99.90 %),Z,4.661541487,0.0003305038118,0.01767655377,0.9984045283,52.04521745,0.1004648173,0.160685842,0.2179132886
2021/11/29,11:05:30,D:\Data\3Ddata\SSFA\Lithics\ConfoMap results\v8.2.9767\SSFA-Lithics_NMPfilled_v8.2.9767 --- QTZ3-2_LSM_50x-0.95_20190314_Area1_Topo.mnt,QTZ3-2_LSM_50x-0.95_20190314_Area1_Topo,D:\Data\3Ddata\SSFA\Lithics\Original surfaces\QTZ3-2_LSM_50x-0.95_20190314_Area1_Topo.sur,3/14/2019 2:18:21 PM,Surface,X,255.4748064,3000,0.08518666436,Y,255.4748064,3000,0.08518666436,Z,Topography,41.96386569,65532,0.0006403568591,0,QTZ3-2_LSM_50x-0.95_20190314_Area1_Topo > Extracted area,X,50.00457198,588,Y,50.00457198,588,Z,Topography,9.411965115,14698,0,QTZ3-2_LSM_50x-0.95_20190314_Area1_Topo > Extracted area > Form removed (LS-poly 2) > Leveled (LS-plane) > Outliers removed,Z,0.7360937572,QTZ3-2_LSM_50x-0.95_20190314_Area1_Topo > Extracted area > Form removed (LS-poly 2) > Leveled (LS-plane) > Outliers removed > Thresholded (0.1000 % ; 99.90 %),Z,0.9327710676,0.005482672202,0.01924373071,0.9941755437,8.888780751,0.1004648173,1.407488469,2.632780996
2021/11/29,11:06:04,D:\Data\3Ddata\SSFA\Lithics\ConfoMap results\v8.2.9767\SSFA-Lithics_NMPfilled_v8.2.9767 --- QTZ3-2_LSM_50x-0.95_20190314_Area2_Topo.mnt,QTZ3-2_LSM_50x-0.95_20190314_Area2_Topo,D:\Data\3Ddata\SSFA\Lithics\Original surfaces\QTZ3-2_LSM_50x-0.95_20190314_Area2_Topo.sur,3/14/2019 4:50:24 PM,Surface,X,255.4748064,3000,0.08518666436,Y,255.4748064,3000,0.08518666436,Z,Topography,78.45998934,65531,0.001197295774,0,QTZ3-2_LSM_50x-0.95_20190314_Area2_Topo > Extracted area,X,50.00457198,588,Y,50.00457198,588,Z,Topography,19.00347852,15872,0,QTZ3-2_LSM_50x-0.95_20190314_Area2_Topo > Extracted area > Form removed (LS-poly 2) > Leveled (LS-plane) > Outliers removed,Z,0.4136008145,QTZ3-2_LSM_50x-0.95_20190314_Area2_Topo > Extracted area > Form removed (LS-poly 2) > Leveled (LS-plane) > Outliers removed > Thresholded (0.1000 % ; 99.90 %),Z,0.6123027442,0.005356562427,0.01777009452,0.9948452665,14.4856052,0.08340500545,0.4161490901,0.7531074991
2021/11/29,11:06:37,D:\Data\3Ddata\SSFA\Lithics\ConfoMap results\v8.2.9767\SSFA-Lithics_NMPfilled_v8.2.9767 --- QTZ3-2_LSM2_50x-0.95_20190801_Area1_Topo.mnt,QTZ3-2_LSM2_50x-0.95_20190801_Area1_Topo,D:\Data\3Ddata\SSFA\Lithics\Original surfaces\QTZ3-2_LSM2_50x-0.95_20190801_Area1_Topo.sur,8/1/2019 3:27:48 PM,Surface,X,255.4748064,3000,0.08518666436,Y,255.4748064,3000,0.08518666436,Z,Topography,122.5319814,65532,0.001869803782,0,QTZ3-2_LSM2_50x-0.95_20190801_Area1_Topo > Extracted area,X,50.00457198,588,Y,50.00457198,588,Z,Topography,19.8273993,10604,0,QTZ3-2_LSM2_50x-0.95_20190801_Area1_Topo > Extracted area > Form removed (LS-poly 2) > Leveled (LS-plane) > Outliers removed,Z,4.173029756,QTZ3-2_LSM2_50x-0.95_20190801_Area1_Topo > Extracted area > Form removed (LS-poly 2) > Leveled (LS-plane) > Outliers removed > Thresholded (0.1000 % ; 99.90 %),Z,4.364211671,0.004004750868,0.01869619765,0.9977511148,23.12678438,0.2250309019,0.5028448109,1.396798224
2021/11/29,11:07:09,D:\Data\3Ddata\SSFA\Lithics\ConfoMap results\v8.2.9767\SSFA-Lithics_NMPfilled_v8.2.9767 --- QTZ3-2_LSM2_50x-0.95_20190801_Area2_Topo.mnt,QTZ3-2_LSM2_50x-0.95_20190801_Area2_Topo,D:\Data\3Ddata\SSFA\Lithics\Original surfaces\QTZ3-2_LSM2_50x-0.95_20190801_Area2_Topo.sur,8/1/2019 2:34:52 PM,Surface,X,255.4748064,3000,0.08518666436,Y,255.4748064,3000,0.08518666436,Z,Topography,101.1417674,65531,0.001543418648,0,QTZ3-2_LSM2_50x-0.95_20190801_Area2_Topo > Extracted area,X,50.00457198,588,Y,50.00457198,588,Z,Topography,21.75294242,14094,0,QTZ3-2_LSM2_50x-0.95_20190801_Area2_Topo > Extracted area > Form removed (LS-poly 2) > Leveled (LS-plane) > Outliers removed,Z,0.04280623814,QTZ3-2_LSM2_50x-0.95_20190801_Area2_Topo > Extracted area > Form removed (LS-poly 2) > Leveled (LS-plane) > Outliers removed > Thresholded (0.1000 % ; 99.90 %),Z,0.2394835485,0.002003087339,0.01846974714,0.9934198948,2.445318468,0.07838834353,0.7292764348,1.478204278
2021/11/29,11:07:40,D:\Data\3Ddata\SSFA\Lithics\ConfoMap results\v8.2.9767\SSFA-Lithics_NMPfilled_v8.2.9767 --- QTZ3-3_LSM_50x-0.95_20190418_Area1_Topo.mnt,QTZ3-3_LSM_50x-0.95_20190418_Area1_Topo,D:\Data\3Ddata\SSFA\Lithics\Original surfaces\QTZ3-3_LSM_50x-0.95_20190418_Area1_Topo.sur,4/18/2019 11:41:09 AM,Surface,X,255.4748064,3000,0.08518666436,Y,255.4748064,3000,0.08518666436,Z,Topography,76.41210402,65532,0.001166027346,0,QTZ3-3_LSM_50x-0.95_20190418_Area1_Topo > Extracted area,X,50.00457198,588,Y,50.00457198,588,Z,Topography,19.3117449,16562,0,QTZ3-3_LSM_50x-0.95_20190418_Area1_Topo > Extracted area > Form removed (LS-poly 2) > Leveled (LS-plane) > Outliers removed,Z,0.09052940904,QTZ3-3_LSM_50x-0.95_20190418_Area1_Topo > Extracted area > Form removed (LS-poly 2) > Leveled (LS-plane) > Outliers removed > Thresholded (0.1000 % ; 99.90 %),Z,0.2889421075,0.007075581839,0.01649338863,0.9828937575,1.6949705,0.08340500545,0.9689837622,5.795778268
2021/11/29,11:08:07,D:\Data\3Ddata\SSFA\Lithics\ConfoMap results\v8.2.9767\SSFA-Lithics_NMPfilled_v8.2.9767 --- QTZ3-3_LSM_50x-0.95_20190418_Area2_Topo.mnt,QTZ3-3_LSM_50x-0.95_20190418_Area2_Topo,D:\Data\3Ddata\SSFA\Lithics\Original surfaces\QTZ3-3_LSM_50x-0.95_20190418_Area2_Topo.sur,4/18/2019 1:55:42 PM,Surface,X,255.4748064,3000,0.08518666436,Y,255.4748064,3000,0.08518666436,Z,Topography,101.7936994,65532,0.001553343395,0,QTZ3-3_LSM_50x-0.95_20190418_Area2_Topo > Extracted area,X,50.00457198,588,Y,50.00457198,588,Z,Topography,28.66695236,18455,0,QTZ3-3_LSM_50x-0.95_20190418_Area2_Topo > Extracted area > Form removed (LS-poly 2) > Leveled (LS-plane) > Outliers removed,Z,2.898098015,QTZ3-3_LSM_50x-0.95_20190418_Area2_Topo > Extracted area > Form removed (LS-poly 2) > Leveled (LS-plane) > Outliers removed > Thresholded (0.1000 % ; 99.90 %),Z,3.092172243,0.004994924945,0.01795356794,0.9233653816,10.86390999,0.9972802751,10.32469331,36.41591664
2021/11/29,11:08:46,D:\Data\3Ddata\SSFA\Lithics\ConfoMap results\v8.2.9767\SSFA-Lithics_NMPfilled_v8.2.9767 --- QTZ3-3_LSM2_50x-0.95_20190613_Area1_Topo.mnt,QTZ3-3_LSM2_50x-0.95_20190613_Area1_Topo,D:\Data\3Ddata\SSFA\Lithics\Original surfaces\QTZ3-3_LSM2_50x-0.95_20190613_Area1_Topo.sur,6/13/2019 10:33:10 AM,Surface,X,255.4748064,3000,0.08518666436,Y,255.4748064,3000,0.08518666436,Z,Topography,78.29198683,65532,0.001194713832,0,QTZ3-3_LSM2_50x-0.95_20190613_Area1_Topo > Extracted area,X,50.00457198,588,Y,50.00457198,588,Z,Topography,17.85260879,14943,0,QTZ3-3_LSM2_50x-0.95_20190613_Area1_Topo > Extracted area > Form removed (LS-poly 2) > Leveled (LS-plane) > Outliers removed,Z,0.07520014809,QTZ3-3_LSM2_50x-0.95_20190613_Area1_Topo > Extracted area > Form removed (LS-poly 2) > Leveled (LS-plane) > Outliers removed > Thresholded (0.1000 % ; 99.90 %),Z,0.2736128465,0.005932849513,0.01595719018,0.9963978123,4.197067473,0.07838834353,2.234426012,2.30287169
2021/11/29,11:09:16,D:\Data\3Ddata\SSFA\Lithics\ConfoMap results\v8.2.9767\SSFA-Lithics_NMPfilled_v8.2.9767 --- QTZ3-3_LSM2_50x-0.95_20190613_Area2_Topo.mnt,QTZ3-3_LSM2_50x-0.95_20190613_Area2_Topo,D:\Data\3Ddata\SSFA\Lithics\Original surfaces\QTZ3-3_LSM2_50x-0.95_20190613_Area2_Topo.sur,6/13/2019 11:17:16 AM,Surface,X,255.4748064,3000,0.08518666436,Y,255.4748064,3000,0.08518666436,Z,Topography,87.57739158,65532,0.001336406513,0,QTZ3-3_LSM2_50x-0.95_20190613_Area2_Topo > Extracted area,X,50.00457198,588,Y,50.00457198,588,Z,Topography,23.58089291,17645,0,QTZ3-3_LSM2_50x-0.95_20190613_Area2_Topo > Extracted area > Form removed (LS-poly 2) > Leveled (LS-plane) > Outliers removed,Z,1.372981165,QTZ3-3_LSM2_50x-0.95_20190613_Area2_Topo > Extracted area > Form removed (LS-poly 2) > Leveled (LS-plane) > Outliers removed > Thresholded (0.1000 % ; 99.90 %),Z,1.56850155,0.006599490184,0.01888923869,0.9097145607,4.793902568,3.04613068,5.640511661,10.21086867
2021/11/29,11:09:45,D:\Data\3Ddata\SSFA\Lithics\ConfoMap results\v8.2.9767\SSFA-Lithics_NMPfilled_v8.2.9767 --- QTZ3-5_LSM_50x-0.95_20190418_Area1_Topo.mnt,QTZ3-5_LSM_50x-0.95_20190418_Area1_Topo,D:\Data\3Ddata\SSFA\Lithics\Original surfaces\QTZ3-5_LSM_50x-0.95_20190418_Area1_Topo.sur,4/18/2019 2:56:11 PM,Surface,X,255.4748064,3000,0.08518666436,Y,255.4748064,3000,0.08518666436,Z,Topography,81.1885861,65531,0.001238934033,0,QTZ3-5_LSM_50x-0.95_20190418_Area1_Topo > Extracted area,X,50.00457198,588,Y,50.00457198,588,Z,Topography,12.25181865,9889,0,QTZ3-5_LSM_50x-0.95_20190418_Area1_Topo > Extracted area > Form removed (LS-poly 2) > Leveled (LS-plane) > Outliers removed,Z,4.281491508,QTZ3-5_LSM_50x-0.95_20190418_Area1_Topo > Extracted area > Form removed (LS-poly 2) > Leveled (LS-plane) > Outliers removed > Thresholded (0.1000 % ; 99.90 %),Z,4.472384192,0.005991581983,0.01742296809,0.9935653584,32.39424855,0.3265020617,1.729337224,5.076058089
2021/11/29,11:11:47,D:\Data\3Ddata\SSFA\Lithics\ConfoMap results\v8.2.9767\SSFA-Lithics_NMPfilled_v8.2.9767 --- QTZ3-5_LSM_50x-0.95_20190418_Area2_Topo.mnt,QTZ3-5_LSM_50x-0.95_20190418_Area2_Topo,D:\Data\3Ddata\SSFA\Lithics\Original surfaces\QTZ3-5_LSM_50x-0.95_20190418_Area2_Topo.sur,4/18/2019 4:19:09 PM,Surface,X,255.4748064,3000,0.08518666436,Y,255.4748064,3000,0.08518666436,Z,Topography,86.15600442,65532,0.001314716542,0,QTZ3-5_LSM_50x-0.95_20190418_Area2_Topo > Extracted area,X,50.00457198,588,Y,50.00457198,588,Z,Topography,36.19151696,27528,0,QTZ3-5_LSM_50x-0.95_20190418_Area2_Topo > Extracted area > Form removed (LS-poly 2) > Leveled (LS-plane) > Outliers removed,Z,2.451235596,QTZ3-5_LSM_50x-0.95_20190418_Area2_Topo > Extracted area > Form removed (LS-poly 2) > Leveled (LS-plane) > Outliers removed > Thresholded (0.1000 % ; 99.90 %),Z,2.646177519,0.004799624641,0.01764294591,0.9971702309,29.63050783,0.1650209267,1.201036473,1.738915693
2021/11/29,11:12:19,D:\Data\3Ddata\SSFA\Lithics\ConfoMap results\v8.2.9767\SSFA-Lithics_NMPfilled_v8.2.9767 --- QTZ3-5_LSM2_50x-0.95_20190731_Area1_Topo.mnt,QTZ3-5_LSM2_50x-0.95_20190731_Area1_Topo,D:\Data\3Ddata\SSFA\Lithics\Original surfaces\QTZ3-5_LSM2_50x-0.95_20190731_Area1_Topo.sur,7/31/2019 11:48:13 AM,Surface,X,255.4748064,3000,0.08518666436,Y,255.4748064,3000,0.08518666436,Z,Topography,58.9885245,65532,0.0009001483932,0,QTZ3-5_LSM2_50x-0.95_20190731_Area1_Topo > Extracted area,X,50.00457198,588,Y,50.00457198,588,Z,Topography,12.85321891,14279,0,QTZ3-5_LSM2_50x-0.95_20190731_Area1_Topo > Extracted area > Form removed (LS-poly 2) > Leveled (LS-plane) > Outliers removed,Z,0.1284187144,QTZ3-5_LSM2_50x-0.95_20190731_Area1_Topo > Extracted area > Form removed (LS-poly 2) > Leveled (LS-plane) > Outliers removed > Thresholded (0.1000 % ; 99.90 %),Z,0.3271206442,0.006006712705,0.02010935307,0.987344213,5.671158448,9.899664123,0.8618896844,1.591850998
2021/11/29,11:12:47,D:\Data\3Ddata\SSFA\Lithics\ConfoMap results\v8.2.9767\SSFA-Lithics_NMPfilled_v8.2.9767 --- QTZ3-5_LSM2_50x-0.95_20190731_Area2_Topo.mnt,QTZ3-5_LSM2_50x-0.95_20190731_Area2_Topo,D:\Data\3Ddata\SSFA\Lithics\Original surfaces\QTZ3-5_LSM2_50x-0.95_20190731_Area2_Topo.sur,7/31/2019 1:45:55 PM,Surface,X,255.4748064,3000,0.08518666436,Y,255.4748064,3000,0.08518666436,Z,Topography,123.1421599,65531,0.00187914361,0,QTZ3-5_LSM2_50x-0.95_20190731_Area2_Topo > Extracted area,X,50.00457198,588,Y,50.00457198,588,Z,Topography,15.30186642,8143,0,QTZ3-5_LSM2_50x-0.95_20190731_Area2_Topo > Extracted area > Form removed (LS-poly 2) > Leveled (LS-plane) > Outliers removed,Z,1.535529178,QTZ3-5_LSM2_50x-0.95_20190731_Area2_Topo > Extracted area > Form removed (LS-poly 2) > Leveled (LS-plane) > Outliers removed > Thresholded (0.1000 % ; 99.90 %),Z,1.731628025,0.004158419251,0.01937457119,0.9947795113,9.493842319,2.099446266,0.7595441881,3.567648922
2021/11/29,11:13:18,D:\Data\3Ddata\SSFA\Lithics\ConfoMap results\v8.2.9767\SSFA-Lithics_NMPfilled_v8.2.9767 --- QTZ3-13_LSM_50x-0.95_20190815_Area1_Topo.mnt,QTZ3-13_LSM_50x-0.95_20190815_Area1_Topo,D:\Data\3Ddata\SSFA\Lithics\Original surfaces\QTZ3-13_LSM_50x-0.95_20190815_Area1_Topo.sur,8/15/2019 1:15:53 PM,Surface,X,255.4748064,3000,0.08518666436,Y,255.4748064,3000,0.08518666436,Z,Topography,100.4432374,65532,0.001532735723,0,QTZ3-13_LSM_50x-0.95_20190815_Area1_Topo > Extracted area,X,50.00457198,588,Y,50.00457198,588,Z,Topography,100.3466751,65469,0,QTZ3-13_LSM_50x-0.95_20190815_Area1_Topo > Extracted area > Form removed (LS-poly 2) > Leveled (LS-plane) > Outliers removed,Z,57.37973761,QTZ3-13_LSM_50x-0.95_20190815_Area1_Topo > Extracted area > Form removed (LS-poly 2) > Leveled (LS-plane) > Outliers removed > Thresholded (0.1000 % ; 99.90 %),Z,57.46477162,0.005744431158,0.01544707514,0.9868055389,57.26896146,0.03723607985,0.081692759,0.2352776998
2021/11/29,11:13:51,D:\Data\3Ddata\SSFA\Lithics\ConfoMap results\v8.2.9767\SSFA-Lithics_NMPfilled_v8.2.9767 --- QTZ3-13_LSM_50x-0.95_20190815_Area2_Topo.mnt,QTZ3-13_LSM_50x-0.95_20190815_Area2_Topo,D:\Data\3Ddata\SSFA\Lithics\Original surfaces\QTZ3-13_LSM_50x-0.95_20190815_Area2_Topo.sur,8/15/2019 3:01:59 PM,Surface,X,255.4748064,3000,0.08518666436,Y,255.4748064,3000,0.08518666436,Z,Topography,129.9842529,65532,0.001983523362,0.4098555556,QTZ3-13_LSM_50x-0.95_20190815_Area2_Topo > Extracted area,X,50.00457198,588,Y,50.00457198,588,Z,Topography,23.7229394,11960,0,QTZ3-13_LSM_50x-0.95_20190815_Area2_Topo > Extracted area > Form removed (LS-poly 2) > Leveled (LS-plane) > Outliers removed,Z,55.2052964,QTZ3-13_LSM_50x-0.95_20190815_Area2_Topo > Extracted area > Form removed (LS-poly 2) > Leveled (LS-plane) > Outliers removed > Thresholded (0.1000 % ; 99.90 %),Z,55.29409043,0.006778044121,0.02046846467,0.9770901387,60.77623934,0.03499639624,0.2011823972,0.2521953865
2021/11/29,11:14:17,D:\Data\3Ddata\SSFA\Lithics\ConfoMap results\v8.2.9767\SSFA-Lithics_NMPfilled_v8.2.9767 --- QTZ3-13_LSM2_50x-0.95_20190822_Area1_Topo.mnt,QTZ3-13_LSM2_50x-0.95_20190822_Area1_Topo,D:\Data\3Ddata\SSFA\Lithics\Original surfaces\QTZ3-13_LSM2_50x-0.95_20190822_Area1_Topo.sur,8/22/2019 11:30:07 AM,Surface,X,255.4748064,3000,0.08518666436,Y,255.4748064,3000,0.08518666436,Z,Topography,83.91943194,65532,0.001280587071,0,QTZ3-13_LSM2_50x-0.95_20190822_Area1_Topo > Extracted area,X,50.00457198,588,Y,50.00457198,588,Z,Topography,10.48288576,8186,0,QTZ3-13_LSM2_50x-0.95_20190822_Area1_Topo > Extracted area > Form removed (LS-poly 2) > Leveled (LS-plane) > Outliers removed,Z,0.08156323754,QTZ3-13_LSM2_50x-0.95_20190822_Area1_Topo > Extracted area > Form removed (LS-poly 2) > Leveled (LS-plane) > Outliers removed > Thresholded (0.1000 % ; 99.90 %),Z,0.2796867046,0.004537845783,0.01708371491,0.9971920728,4.795822322,0.08340500545,0.6360268217,1.683337179
2021/11/29,11:14:51,D:\Data\3Ddata\SSFA\Lithics\ConfoMap results\v8.2.9767\SSFA-Lithics_NMPfilled_v8.2.9767 --- QTZ3-13_LSM2_50x-0.95_20190822_Area2_Topo.mnt,QTZ3-13_LSM2_50x-0.95_20190822_Area2_Topo,D:\Data\3Ddata\SSFA\Lithics\Original surfaces\QTZ3-13_LSM2_50x-0.95_20190822_Area2_Topo.sur,8/22/2019 1:28:38 PM,Surface,X,255.4748064,3000,0.08518666436,Y,255.4748064,3000,0.08518666436,Z,Topography,215.4314002,65532,0.003287422942,0,QTZ3-13_LSM2_50x-0.95_20190822_Area2_Topo > Extracted area,X,50.00457198,588,Y,50.00457198,588,Z,Topography,22.18681743,6749,0,QTZ3-13_LSM2_50x-0.95_20190822_Area2_Topo > Extracted area > Form removed (LS-poly 2) > Leveled (LS-plane) > Outliers removed,Z,5.613112592,QTZ3-13_LSM2_50x-0.95_20190822_Area2_Topo > Extracted area > Form removed (LS-poly 2) > Leveled (LS-plane) > Outliers removed > Thresholded (0.1000 % ; 99.90 %),Z,5.800245268,0.003140677635,0.01873237941,0.9963200889,41.82057545,0.1868186706,0.4646806483,0.6964868487
