#,#,#,OPERATOR:1,OPERATOR:1,OPERATOR:1,OPERATOR:1,OPERATOR:1,OPERATOR:1,OPERATOR:2,OPERATOR:2,2,2,2,2,2,2,2,2,2,2,2,2,2,2,2,2,10,10,10,13,13,13,13,13,13,13,13,13,13,13,13,13,13,13,14,14,15,15,15,15,15,
#,#,#,a0,ax,ax2,ay,axy,ay2,X-axis rotation angle,Y-axis rotation angle,Name,File path,Studiable type,Axis name - X,Axis length - X,Axis size - X,Axis spacing - X,Axis name - Y,Axis length - Y,Axis size - Y,Axis spacing - Y,Axis name - Z,Axis length - Z,Axis size - Z,Axis spacing - Z,NM-points ratio - Z,Name,Axis name - Z,NM-points ratio - Z,Name,Studiable type,Axis name - X,Axis length - X,Axis size - X,Axis spacing - X,Axis name - Y,Axis length - Y,Axis size - Y,Axis spacing - Y,Axis name - Z,Layer type - Z,Axis length - Z,Axis size - Z,Axis spacing - Z,Length-scale anisotropy (Sfrax) (epLsar),Length-scale anisotropy (NewEplsar),Reg. coefficient R²,Fractal complexity (Asfc),Scale of max complexity (Smfc),HAsfc9 (HAsfc9),HAsfc81 (HAsfc81),
#,#,#,Âµm,Âµm,Âµm,Âµm,Âµm,Âµm,°,°,<no unit>,<no unit>,<no unit>,<no unit>,Âµm,points,Âµm,<no unit>,Âµm,points,Âµm,<no unit>,Âµm,digits,Âµm,%,<no unit>,<no unit>,%,<no unit>,<no unit>,<no unit>,Âµm,points,Âµm,<no unit>,Âµm,points,Âµm,<no unit>,<no unit>,Âµm,digits,Âµm,<no unit>,<no unit>,<no unit>,<no unit>,Âµm²,<no unit>,<no unit>,
2021/08/30,16:31:25,D:\Data\3Ddata\SSFA\Sheeps\ConfoMap results\v8.2.9678\SSFA-Sheeps_NMPfilled_v2 --- L5_Ovis_10098_lm2_sin.mnt,0.7404320304,0.00481710844,-2.629358109e-06,-0.008431517973,-9.503412869e-07,5.914293167e-06,-1.794322172e-11,-3.293110603e-12,L5_Ovis_10098_lm2_sin,D:\Data\3Ddata\SSFA\Sheeps\Original surfaces\L5_Ovis_10098_lm2_sin.sur,Surface,X,199.9499895,1551,0.1289999932,Y,199.9499895,1551,0.1289999932,Z,21.16499996,328492278,6.443073818e-08,0,L5_Ovis_10098_lm2_sin > Form removed (LS-poly 2) > Leveled (LS-plane),Z,0,L5_Ovis_10098_lm2_sin > Form removed (LS-poly 2) > Leveled (LS-plane) > Filled-in non-measured points,Surface,X,199.9499895,1551,0.1289999932,Y,199.9499895,1551,0.1289999932,Z,Unknown,20.32743212,315492771,6.443073818e-08,0.00249736901,0.01865612928,0.9986400762,10.737686,12.28573282,1.440181705,2.348140732,
2021/08/30,16:32:14,D:\Data\3Ddata\SSFA\Sheeps\ConfoMap results\v8.2.9678\SSFA-Sheeps_NMPfilled_v2 --- L5_Ovis_11723_lm2_sin.mnt,-1.302638591,0.002618540742,-1.093765512e-06,0.001502770836,-1.191601323e-06,-3.738222597e-07,-6.225480902e-13,9.961562016e-13,L5_Ovis_11723_lm2_sin,D:\Data\3Ddata\SSFA\Sheeps\Original surfaces\L5_Ovis_11723_lm2_sin.sur,Surface,X,199.9499895,1551,0.1289999932,Y,199.9499895,1551,0.1289999932,Z,5.25,268435456,1.955777407e-08,0,L5_Ovis_11723_lm2_sin > Form removed (LS-poly 2) > Leveled (LS-plane),Z,0,L5_Ovis_11723_lm2_sin > Form removed (LS-poly 2) > Leveled (LS-plane) > Filled-in non-measured points,Surface,X,199.9499895,1551,0.1289999932,Y,199.9499895,1551,0.1289999932,Z,Unknown,5.302136664,271101233,1.955777407e-08,0.001207926056,0.01715131292,0.9987381341,2.300115158,3.3742984,0.2884126033,0.8130148397,
2021/08/30,16:33:06,D:\Data\3Ddata\SSFA\Sheeps\ConfoMap results\v8.2.9678\SSFA-Sheeps_NMPfilled_v2 --- L5_Ovis_20939_lm2_sin.mnt,-0.3340416357,0.0007118811965,2.9159359e-08,-0.0001683639181,-9.785632983e-07,5.956946454e-07,3.044679007e-12,-1.611501257e-12,L5_Ovis_20939_lm2_sin,D:\Data\3Ddata\SSFA\Sheeps\Original surfaces\L5_Ovis_20939_lm2_sin.sur,Surface,X,199.9499895,1551,0.1289999932,Y,199.9499895,1551,0.1289999932,Z,11.71100001,268435446,4.362687633e-08,0,L5_Ovis_20939_lm2_sin > Form removed (LS-poly 2) > Leveled (LS-plane),Z,0,L5_Ovis_20939_lm2_sin > Form removed (LS-poly 2) > Leveled (LS-plane) > Filled-in non-measured points,Surface,X,199.9499895,1551,0.1289999932,Y,199.9499895,1551,0.1289999932,Z,Unknown,11.73425998,268968603,4.362687633e-08,0.002741180913,0.01843510845,0.9973668344,6.665880271,2.720490556,0.5665925384,2.063353896,
2021/08/30,16:33:54,D:\Data\3Ddata\SSFA\Sheeps\ConfoMap results\v8.2.9678\SSFA-Sheeps_NMPfilled_v2 --- L5_Ovis_31042_lm2_sin.mnt,-2.866658454,0.004356409615,-1.717650901e-06,0.005048278587,-2.183045125e-06,-2.165529458e-06,2.58864772e-10,-1.117290349e-10,L5_Ovis_31042_lm2_sin,D:\Data\3Ddata\SSFA\Sheeps\Original surfaces\L5_Ovis_31042_lm2_sin.sur,Surface,X,199.9499895,1551,0.1289999932,Y,199.9499895,1551,0.1289999932,Z,6.832999997,358625806,1.905328586e-08,0,L5_Ovis_31042_lm2_sin > Form removed (LS-poly 2) > Leveled (LS-plane),Z,0,L5_Ovis_31042_lm2_sin > Form removed (LS-poly 2) > Leveled (LS-plane) > Filled-in non-measured points,Surface,X,199.9499895,1551,0.1289999932,Y,199.9499895,1551,0.1289999932,Z,Unknown,7.370311842,193413144,3.810657171e-08,0.001527963598,0.01774636867,0.9994838334,2.934908739,5.577438205,0.2964396812,0.8028658428,
2021/08/30,16:34:46,D:\Data\3Ddata\SSFA\Sheeps\ConfoMap results\v8.2.9678\SSFA-Sheeps_NMPfilled_v2 --- L5_Ovis_70519_lm2_sin.mnt,-1.378069359,-0.001080339305,2.610425415e-06,0.003458566236,-3.848655227e-06,-3.053932944e-07,8.918073596e-12,-7.566660222e-12,L5_Ovis_70519_lm2_sin,D:\Data\3Ddata\SSFA\Sheeps\Original surfaces\L5_Ovis_70519_lm2_sin.sur,Surface,X,199.9499895,1551,0.1289999932,Y,199.9499895,1551,0.1289999932,Z,15.71099999,350602112,4.481148132e-08,0,L5_Ovis_70519_lm2_sin > Form removed (LS-poly 2) > Leveled (LS-plane),Z,0,L5_Ovis_70519_lm2_sin > Form removed (LS-poly 2) > Leveled (LS-plane) > Filled-in non-measured points,Surface,X,199.9499895,1551,0.1289999932,Y,199.9499895,1551,0.1289999932,Z,Unknown,13.32840382,297432788,4.481148132e-08,0.001611833672,0.01801825487,0.9993711665,12.22969371,0.8028019096,0.55549291,1.630628021,
2021/08/30,16:35:36,D:\Data\3Ddata\SSFA\Sheeps\ConfoMap results\v8.2.9678\SSFA-Sheeps_NMPfilled_v2 --- L5_Ovis_80140_lm2_sin.mnt,-3.381798499,0.001138478367,-2.237024301e-07,0.01116786822,-1.022005938e-06,-6.694079909e-06,2.851479492e-12,1.013128767e-13,L5_Ovis_80140_lm2_sin,D:\Data\3Ddata\SSFA\Sheeps\Original surfaces\L5_Ovis_80140_lm2_sin.sur,Surface,X,199.9499895,1551,0.1289999932,Y,199.9499895,1551,0.1289999932,Z,7.370999978,268435462,2.745911409e-08,0,L5_Ovis_80140_lm2_sin > Form removed (LS-poly 2) > Leveled (LS-plane),Z,0,L5_Ovis_80140_lm2_sin > Form removed (LS-poly 2) > Leveled (LS-plane) > Filled-in non-measured points,Surface,X,199.9499895,1551,0.1289999932,Y,199.9499895,1551,0.1289999932,Z,Unknown,4.23678682,154294374,2.745911409e-08,0.00255723947,0.01744671518,0.9992650937,2.855472131,0.7471875767,0.2271429298,0.8501932621,
2021/08/30,16:36:25,D:\Data\3Ddata\SSFA\Sheeps\ConfoMap results\v8.2.9678\SSFA-Sheeps_NMPfilled_v2 --- L5_Ovis_80307_lm2_sin.mnt,1.184929284,-0.001501887385,9.813455396e-07,-0.003107917269,-2.418758486e-08,2.017308804e-06,4.36511891e-12,-9.497363431e-12,L5_Ovis_80307_lm2_sin,D:\Data\3Ddata\SSFA\Sheeps\Original surfaces\L5_Ovis_80307_lm2_sin.sur,Surface,X,199.9499895,1551,0.1289999932,Y,199.9499895,1551,0.1289999932,Z,9.246999982,268435463,3.444775842e-08,0,L5_Ovis_80307_lm2_sin > Form removed (LS-poly 2) > Leveled (LS-plane),Z,0,L5_Ovis_80307_lm2_sin > Form removed (LS-poly 2) > Leveled (LS-plane) > Filled-in non-measured points,Surface,X,199.9499895,1551,0.1289999932,Y,199.9499895,1551,0.1289999932,Z,Unknown,7.563992221,219578648,3.444775842e-08,0.006248850204,0.020194359,0.9988076935,1.903044494,0.3392058576,0.5066210542,1.397041149,
2021/08/30,16:37:15,D:\Data\3Ddata\SSFA\Sheeps\ConfoMap results\v8.2.9678\SSFA-Sheeps_NMPfilled_v2 --- L5_Ovis_8045_lm2_sin.mnt,-5.838850955,0.006459099583,-9.810338443e-07,0.008244925034,-4.693301481e-06,-2.436619895e-06,1.113314212e-11,-1.319439224e-11,L5_Ovis_8045_lm2_sin,D:\Data\3Ddata\SSFA\Sheeps\Original surfaces\L5_Ovis_8045_lm2_sin.sur,Surface,X,199.9499895,1551,0.1289999932,Y,199.9499895,1551,0.1289999932,Z,14.82999998,268435457,5.524605484e-08,0,L5_Ovis_8045_lm2_sin > Form removed (LS-poly 2) > Leveled (LS-plane),Z,0,L5_Ovis_8045_lm2_sin > Form removed (LS-poly 2) > Leveled (LS-plane) > Filled-in non-measured points,Surface,X,199.9499895,1551,0.1289999932,Y,199.9499895,1551,0.1289999932,Z,Unknown,13.13439563,237743594,5.524605484e-08,0.003363863486,0.0186411527,0.9986555146,7.497434226,12.28573282,1.58581125,2.586812072,
2021/08/30,16:38:03,D:\Data\3Ddata\SSFA\Sheeps\ConfoMap results\v8.2.9678\SSFA-Sheeps_NMPfilled_v2 --- L5_Ovis_80729_lm2_sin.mnt,-1.196240926,0.002288265821,-8.787295804e-07,0.001415777794,-1.195866849e-06,-3.147984338e-07,2.990682707e-12,-3.741423715e-12,L5_Ovis_80729_lm2_sin,D:\Data\3Ddata\SSFA\Sheeps\Original surfaces\L5_Ovis_80729_lm2_sin.sur,Surface,X,199.9499895,1551,0.1289999932,Y,199.9499895,1551,0.1289999932,Z,9.586000008,318466039,3.010054082e-08,0,L5_Ovis_80729_lm2_sin > Form removed (LS-poly 2) > Leveled (LS-plane),Z,0,L5_Ovis_80729_lm2_sin > Form removed (LS-poly 2) > Leveled (LS-plane) > Filled-in non-measured points,Surface,X,199.9499895,1551,0.1289999932,Y,199.9499895,1551,0.1289999932,Z,Unknown,9.184698664,305134008,3.010054082e-08,0.002936613868,0.01879094064,0.9989236431,3.209267571,0.1909999738,0.4766514882,0.8742275689,
2021/08/30,16:38:54,D:\Data\3Ddata\SSFA\Sheeps\ConfoMap results\v8.2.9678\SSFA-Sheeps_NMPfilled_v2 --- L5_Ovis_90287_lm2_sin.mnt,-0.0159617389,-0.002439701172,1.982796002e-06,0.001894510792,-8.260241149e-07,-8.161192833e-07,1.761487405e-11,5.078802754e-12,L5_Ovis_90287_lm2_sin,D:\Data\3Ddata\SSFA\Sheeps\Original surfaces\L5_Ovis_90287_lm2_sin.sur,Surface,X,199.9499895,1551,0.1289999932,Y,199.9499895,1551,0.1289999932,Z,13.31599998,268435456,4.960596556e-08,0,L5_Ovis_90287_lm2_sin > Form removed (LS-poly 2) > Leveled (LS-plane),Z,0,L5_Ovis_90287_lm2_sin > Form removed (LS-poly 2) > Leveled (LS-plane) > Filled-in non-measured points,Surface,X,199.9499895,1551,0.1289999932,Y,199.9499895,1551,0.1289999932,Z,Unknown,13.0606878,263288652,4.960596556e-08,0.0003988616117,0.01764819729,0.9991424111,11.66273782,3.3742984,0.8241344421,1.460159596,
#,#,#,nm,nm,nm,nm,nm,nm,°,°,<no unit>,<no unit>,<no unit>,<no unit>,µm,points,µm,<no unit>,µm,points,µm,<no unit>,nm,digits,nm,%,<no unit>,<no unit>,%,<no unit>,<no unit>,<no unit>,µm,points,µm,<no unit>,µm,points,µm,<no unit>,<no unit>,nm,digits,nm,<no unit>,<no unit>,<no unit>,<no unit>,µm²,<no unit>,<no unit>,
2021/08/30,16:39:43,D:\Data\3Ddata\SSFA\Sheeps\ConfoMap results\v8.2.9678\SSFA-Sheeps_NMPfilled_v2 --- L6-Ovis-10106-lm2sin-a.mnt,-1367.394899,-0.01027190534,-0.0002487870641,5.70862169,0.0005140383553,-0.003941659101,-2.766210047e-13,2.6615246e-12,L6-Ovis-10106-lm2sin-a,D:\Data\3Ddata\SSFA\Sheeps\Original surfaces\L6-Ovis-10106-lm2sin-a.sur,Surface,X,201.1149743,1561,0.1289198553,Y,200.1286055,1551,0.1291152294,Z,9417.257734,9417258,0.0009999999717,0,L6-Ovis-10106-lm2sin-a > Form removed (LS-poly 2) > Leveled (LS-plane),Z,0,L6-Ovis-10106-lm2sin-a > Form removed (LS-poly 2) > Leveled (LS-plane) > Filled-in non-measured points,Surface,X,201.1149743,1561,0.1289198553,Y,200.1286055,1551,0.1291152294,Z,Topography,9094.528743,9094529,0.0009999999717,0.002015098422,0.01777668228,0.999072208,4.178203193,0.5616815931,0.601763689,1.018629486,
2021/08/30,16:40:31,D:\Data\3Ddata\SSFA\Sheeps\ConfoMap results\v8.2.9678\SSFA-Sheeps_NMPfilled_v2 --- L6-Ovis-11707-lm2sin-a.mnt,68.31111113,-1.568188129,0.001047575606,1.24712694,-8.519976167e-05,-0.0007617233067,8.723505903e-14,-2.14860291e-14,L6-Ovis-11707-lm2sin-a,D:\Data\3Ddata\SSFA\Sheeps\Original surfaces\L6-Ovis-11707-lm2sin-a.sur,Surface,X,201.1149743,1561,0.1289198553,Y,200.1286055,1551,0.1291152294,Z,4399.857759,43998577,0.0001000000013,0,L6-Ovis-11707-lm2sin-a > Form removed (LS-poly 2) > Leveled (LS-plane),Z,0,L6-Ovis-11707-lm2sin-a > Form removed (LS-poly 2) > Leveled (LS-plane) > Filled-in non-measured points,Surface,X,201.1149743,1561,0.1289198553,Y,200.1286055,1551,0.1291152294,Z,Topography,4238.809257,42388092,0.0001000000013,0.001374148085,0.01731278487,0.9990151875,3.477760265,0.9284135559,0.3644793402,0.6986570444,
2021/08/30,16:41:19,D:\Data\3Ddata\SSFA\Sheeps\ConfoMap results\v8.2.9678\SSFA-Sheeps_NMPfilled_v2 --- L6-Ovis-20094-lm2sin-a.mnt,-134.3650935,-0.6205624523,0.0003588062451,1.206362824,7.848349679e-05,-0.0008177935168,1.207730973e-13,2.845298832e-13,L6-Ovis-20094-lm2sin-a,D:\Data\3Ddata\SSFA\Sheeps\Original surfaces\L6-Ovis-20094-lm2sin-a.sur,Surface,X,201.1149743,1561,0.1289198553,Y,200.1286055,1551,0.1291152294,Z,6081.780781,60817807,0.0001000000013,0,L6-Ovis-20094-lm2sin-a > Form removed (LS-poly 2) > Leveled (LS-plane),Z,0,L6-Ovis-20094-lm2sin-a > Form removed (LS-poly 2) > Leveled (LS-plane) > Filled-in non-measured points,Surface,X,201.1149743,1561,0.1289198553,Y,200.1286055,1551,0.1291152294,Z,Topography,6011.01178,60110117,0.0001000000013,0.001598970816,0.01758878535,0.9994193867,5.749629498,0.5616815931,0.4150545339,0.9561412692,
2021/08/30,16:42:07,D:\Data\3Ddata\SSFA\Sheeps\ConfoMap results\v8.2.9678\SSFA-Sheeps_NMPfilled_v2 --- L6-Ovis-21376-lm2sin-a.mnt,1707.513443,-3.320810639,0.001536320115,-2.339836437,0.001192453238,0.0009094986523,-1.045916675e-12,-2.697182264e-13,L6-Ovis-21376-lm2sin-a,D:\Data\3Ddata\SSFA\Sheeps\Original surfaces\L6-Ovis-21376-lm2sin-a.sur,Surface,X,201.1149743,1561,0.1289198553,Y,200.1286055,1551,0.1291152294,Z,14039.9056,14039906,0.0009999999717,0,L6-Ovis-21376-lm2sin-a > Form removed (LS-poly 2) > Leveled (LS-plane),Z,0,L6-Ovis-21376-lm2sin-a > Form removed (LS-poly 2) > Leveled (LS-plane) > Filled-in non-measured points,Surface,X,201.1149743,1561,0.1289198553,Y,200.1286055,1551,0.1291152294,Z,Topography,13333.97462,13333975,0.0009999999717,0.002319587693,0.01772829343,0.9989206348,6.721419692,0.5227709394,0.5151187548,1.136253648,
2021/08/30,16:42:55,D:\Data\3Ddata\SSFA\Sheeps\ConfoMap results\v8.2.9678\SSFA-Sheeps_NMPfilled_v2 --- L6-Ovis-70379-lm2sin-a.mnt,-564.8617129,-0.3408945673,-0.0004640495689,3.604821147,0.001373950832,-0.003017098578,-1.911939377e-13,-5.357792787e-14,L6-Ovis-70379-lm2sin-a,D:\Data\3Ddata\SSFA\Sheeps\Original surfaces\L6-Ovis-70379-lm2sin-a.sur,Surface,X,201.1149743,1561,0.1289198553,Y,200.1286055,1551,0.1291152294,Z,4496.11286,44961128,0.0001000000013,0,L6-Ovis-70379-lm2sin-a > Form removed (LS-poly 2) > Leveled (LS-plane),Z,0,L6-Ovis-70379-lm2sin-a > Form removed (LS-poly 2) > Leveled (LS-plane) > Filled-in non-measured points,Surface,X,201.1149743,1561,0.1289198553,Y,200.1286055,1551,0.1291152294,Z,Topography,3711.48635,37114863,0.0001000000013,0.004003783605,0.01613178951,0.9985396332,2.765267512,0.3162715712,0.266925965,0.8148832458,
2021/08/30,16:43:42,D:\Data\3Ddata\SSFA\Sheeps\ConfoMap results\v8.2.9678\SSFA-Sheeps_NMPfilled_v2 --- L6-Ovis-80147-lm2sin-a.mnt,-3560.895321,4.479829489,-0.002837637386,9.230698204,-6.853569984e-05,-0.005920800231,-2.69389083e-12,-1.349505431e-12,L6-Ovis-80147-lm2sin-a,D:\Data\3Ddata\SSFA\Sheeps\Original surfaces\L6-Ovis-80147-lm2sin-a.sur,Surface,X,201.1149743,1561,0.1289198553,Y,200.1286055,1551,0.1291152294,Z,10074.66172,10074662,0.0009999999717,0,L6-Ovis-80147-lm2sin-a > Form removed (LS-poly 2) > Leveled (LS-plane),Z,0,L6-Ovis-80147-lm2sin-a > Form removed (LS-poly 2) > Leveled (LS-plane) > Filled-in non-measured points,Surface,X,201.1149743,1561,0.1289198553,Y,200.1286055,1551,0.1291152294,Z,Topography,9516.807731,9516808,0.0009999999717,0.002164641667,0.0184560074,0.9994226963,5.719707063,0.8042368418,0.5735814754,1.167099988,
2021/08/30,16:44:28,D:\Data\3Ddata\SSFA\Sheeps\ConfoMap results\v8.2.9678\SSFA-Sheeps_NMPfilled_v2 --- L6-Ovis-80288-lm2sin-a.mnt,-460.8018343,0.1697670387,-0.0003331202144,1.966876065,0.0004514845108,-0.001496150957,-6.409290866e-14,-1.142873888e-14,L6-Ovis-80288-lm2sin-a,D:\Data\3Ddata\SSFA\Sheeps\Original surfaces\L6-Ovis-80288-lm2sin-a.sur,Surface,X,201.1149743,1561,0.1289198553,Y,200.1286055,1551,0.1291152294,Z,7276.064297,72760642,0.0001000000013,0,L6-Ovis-80288-lm2sin-a > Form removed (LS-poly 2) > Leveled (LS-plane),Z,0,L6-Ovis-80288-lm2sin-a > Form removed (LS-poly 2) > Leveled (LS-plane) > Filled-in non-measured points,Surface,X,201.1149743,1561,0.1289198553,Y,200.1286055,1551,0.1291152294,Z,Topography,7053.343094,70533430,0.0001000000013,0.001964860107,0.01760359512,0.9973720806,2.295127417,4.192714753,0.5649856533,1.193106753,
2021/08/30,16:45:15,D:\Data\3Ddata\SSFA\Sheeps\ConfoMap results\v8.2.9678\SSFA-Sheeps_NMPfilled_v2 --- L6-Ovis-80748-lm2sin-a.mnt,-2305.513616,2.630531675,-0.00205638257,6.865090123,0.0007450646903,-0.004804026181,-3.561721433e-13,9.60014026e-14,L6-Ovis-80748-lm2sin-a,D:\Data\3Ddata\SSFA\Sheeps\Original surfaces\L6-Ovis-80748-lm2sin-a.sur,Surface,X,201.1149743,1561,0.1289198553,Y,200.1286055,1551,0.1291152294,Z,7359.863792,7359864,0.0009999999717,0,L6-Ovis-80748-lm2sin-a > Form removed (LS-poly 2) > Leveled (LS-plane),Z,0,L6-Ovis-80748-lm2sin-a > Form removed (LS-poly 2) > Leveled (LS-plane) > Filled-in non-measured points,Surface,X,201.1149743,1561,0.1289198553,Y,200.1286055,1551,0.1291152294,Z,Topography,7887.751777,7887752,0.0009999999717,0.008242304939,0.01809470653,0.9984611787,3.279549914,1.329337467,0.387290184,1.054638023,
2021/08/30,16:46:02,D:\Data\3Ddata\SSFA\Sheeps\ConfoMap results\v8.2.9678\SSFA-Sheeps_NMPfilled_v2 --- L6-Ovis-90074-lm2sin-a.mnt,-919.6899462,0.1559871403,5.260382617e-05,3.16534634,-0.0003071601408,-0.00188758802,2.352182628e-13,1.033157995e-14,L6-Ovis-90074-lm2sin-a,D:\Data\3Ddata\SSFA\Sheeps\Original surfaces\L6-Ovis-90074-lm2sin-a.sur,Surface,X,201.1149743,1561,0.1289198553,Y,200.1286055,1551,0.1291152294,Z,4107.099855,41070998,0.0001000000013,0,L6-Ovis-90074-lm2sin-a > Form removed (LS-poly 2) > Leveled (LS-plane),Z,0,L6-Ovis-90074-lm2sin-a > Form removed (LS-poly 2) > Leveled (LS-plane) > Filled-in non-measured points,Surface,X,201.1149743,1561,0.1289198553,Y,200.1286055,1551,0.1291152294,Z,Topography,3957.626653,39576266,0.0001000000013,0.001314585174,0.0180213882,0.9992944577,2.745796162,0.3651049029,0.527614108,1.03958464,
2021/08/30,16:46:50,D:\Data\3Ddata\SSFA\Sheeps\ConfoMap results\v8.2.9678\SSFA-Sheeps_NMPfilled_v2 --- L6-Ovis-90206-lm2sin-a.mnt,993.4231297,-1.191842252,0.0009178016806,-2.890397914,-0.000309584993,0.002020564005,-2.253647597e-12,2.889185069e-12,L6-Ovis-90206-lm2sin-a,D:\Data\3Ddata\SSFA\Sheeps\Original surfaces\L6-Ovis-90206-lm2sin-a.sur,Surface,X,201.1149743,1561,0.1289198553,Y,200.1286055,1551,0.1291152294,Z,10139.66471,10139665,0.0009999999717,0,L6-Ovis-90206-lm2sin-a > Form removed (LS-poly 2) > Leveled (LS-plane),Z,0,L6-Ovis-90206-lm2sin-a > Form removed (LS-poly 2) > Leveled (LS-plane) > Filled-in non-measured points,Surface,X,201.1149743,1561,0.1289198553,Y,200.1286055,1551,0.1291152294,Z,Topography,10031.78572,10031786,0.0009999999717,0.005221995624,0.01876294872,0.9986646851,3.910485123,0.3398121559,0.5120974341,2.070839882,
#,#,#,Âµm,Âµm,Âµm,Âµm,Âµm,Âµm,°,°,<no unit>,<no unit>,<no unit>,<no unit>,Âµm,points,Âµm,<no unit>,Âµm,points,Âµm,<no unit>,Âµm,digits,Âµm,%,<no unit>,<no unit>,%,<no unit>,<no unit>,<no unit>,Âµm,points,Âµm,<no unit>,Âµm,points,Âµm,<no unit>,<no unit>,Âµm,digits,Âµm,<no unit>,<no unit>,<no unit>,<no unit>,Âµm²,<no unit>,<no unit>,
2021/08/30,16:47:38,D:\Data\3Ddata\SSFA\Sheeps\ConfoMap results\v8.2.9678\SSFA-Sheeps_NMPfilled_v2 --- L7_Ovis_10053_lm2_sin.mnt,-1.201729458,0.001048240833,-1.370890746e-08,0.002577051101,-1.323910865e-06,-1.000779011e-06,5.635248923e-14,-2.668203762e-12,L7_Ovis_10053_lm2_sin,D:\Data\3Ddata\SSFA\Sheeps\Original surfaces\L7_Ovis_10053_lm2_sin.sur,Surface,X,199.9499895,1551,0.1289999932,Y,199.9499895,1551,0.1289999932,Z,5.869999995,268435461,2.186745363e-08,0,L7_Ovis_10053_lm2_sin > Form removed (LS-poly 2) > Leveled (LS-plane),Z,0,L7_Ovis_10053_lm2_sin > Form removed (LS-poly 2) > Leveled (LS-plane) > Filled-in non-measured points,Surface,X,199.9499895,1551,0.1289999932,Y,199.9499895,1551,0.1289999932,Z,Unknown,6.005199463,274618141,2.186745363e-08,0.003165474784,0.01685220944,0.9991768222,2.539149066,1.531853337,0.6043730212,0.9874378915,
2021/08/30,16:48:27,D:\Data\3Ddata\SSFA\Sheeps\ConfoMap results\v8.2.9678\SSFA-Sheeps_NMPfilled_v2 --- L7_Ovis_11739_lm2_sin.mnt,-0.6979626846,0.004014422431,-2.896884912e-06,-0.0008335494607,6.112611111e-07,2.325798611e-07,-3.653509618e-12,3.558783983e-12,L7_Ovis_11739_lm2_sin,D:\Data\3Ddata\SSFA\Sheeps\Original surfaces\L7_Ovis_11739_lm2_sin.sur,Surface,X,199.9499895,1551,0.1289999932,Y,199.9499895,1551,0.1289999932,Z,7.051999985,345369443,2.04187143e-08,0,L7_Ovis_11739_lm2_sin > Form removed (LS-poly 2) > Leveled (LS-plane),Z,0,L7_Ovis_11739_lm2_sin > Form removed (LS-poly 2) > Leveled (LS-plane) > Filled-in non-measured points,Surface,X,199.9499895,1551,0.1289999932,Y,199.9499895,1551,0.1289999932,Z,Unknown,6.55795688,321173840,2.04187143e-08,0.002151629233,0.01772072223,0.999306976,7.198562961,0.1155532132,0.1980738304,0.5600416498,
2021/08/30,16:49:13,D:\Data\3Ddata\SSFA\Sheeps\ConfoMap results\v8.2.9678\SSFA-Sheeps_NMPfilled_v2 --- L7_Ovis_20965_lm2_sin.mnt,-1.108704015,0.002088483681,-1.162782448e-06,0.001914953813,-3.70107473e-07,-1.048779991e-06,4.783990881e-12,3.9166436e-12,L7_Ovis_20965_lm2_sin,D:\Data\3Ddata\SSFA\Sheeps\Original surfaces\L7_Ovis_20965_lm2_sin.sur,Surface,X,199.9499895,1551,0.1289999932,Y,199.9499895,1551,0.1289999932,Z,7.530000011,360784484,2.087118583e-08,0,L7_Ovis_20965_lm2_sin > Form removed (LS-poly 2) > Leveled (LS-plane),Z,0,L7_Ovis_20965_lm2_sin > Form removed (LS-poly 2) > Leveled (LS-plane) > Filled-in non-measured points,Surface,X,199.9499895,1551,0.1289999932,Y,199.9499895,1551,0.1289999932,Z,Unknown,7.321471318,350793260,2.087118583e-08,0.001145127177,0.01809090569,0.9990255912,3.613273565,0.1909999738,0.7981042339,1.417331934,
2021/08/30,16:50:02,D:\Data\3Ddata\SSFA\Sheeps\ConfoMap results\v8.2.9678\SSFA-Sheeps_NMPfilled_v2 --- L7_Ovis_31028_lm2_sin.mnt,0.2649904831,-0.001994825417,7.295161896e-07,0.001835294575,1.114978987e-06,-1.741932576e-06,3.765985971e-12,1.702954286e-12,L7_Ovis_31028_lm2_sin,D:\Data\3Ddata\SSFA\Sheeps\Original surfaces\L7_Ovis_31028_lm2_sin.sur,Surface,X,199.9499895,1551,0.1289999932,Y,199.9499895,1551,0.1289999932,Z,8.441999976,346894484,2.433593028e-08,0,L7_Ovis_31028_lm2_sin > Form removed (LS-poly 2) > Leveled (LS-plane),Z,0,L7_Ovis_31028_lm2_sin > Form removed (LS-poly 2) > Leveled (LS-plane) > Filled-in non-measured points,Surface,X,199.9499895,1551,0.1289999932,Y,199.9499895,1551,0.1289999932,Z,Unknown,7.65555723,314578368,2.433593028e-08,0.001605707116,0.01795147839,0.9992786625,5.652352991,0.5606794318,0.4633463765,1.267067915,
2021/08/30,16:50:49,D:\Data\3Ddata\SSFA\Sheeps\ConfoMap results\v8.2.9678\SSFA-Sheeps_NMPfilled_v2 --- L7_Ovis_70520_lm2_sin.mnt,-0.4440670457,-0.002506018399,1.202702191e-06,0.004868995416,8.280300539e-07,-3.555211616e-06,7.747716829e-12,3.601185299e-12,L7_Ovis_70520_lm2_sin,D:\Data\3Ddata\SSFA\Sheeps\Original surfaces\L7_Ovis_70520_lm2_sin.sur,Surface,X,199.9499895,1551,0.1289999932,Y,199.9499895,1551,0.1289999932,Z,7.230000019,268435456,2.693384893e-08,0,L7_Ovis_70520_lm2_sin > Form removed (LS-poly 2) > Leveled (LS-plane),Z,0,L7_Ovis_70520_lm2_sin > Form removed (LS-poly 2) > Leveled (LS-plane) > Filled-in non-measured points,Surface,X,199.9499895,1551,0.1289999932,Y,199.9499895,1551,0.1289999932,Z,Unknown,5.115476519,189927423,2.693384893e-08,0.004730906524,0.01702415473,0.9982473017,0.8747848739,6.917848242,0.2417329464,0.6842474124,
2021/08/30,16:51:37,D:\Data\3Ddata\SSFA\Sheeps\ConfoMap results\v8.2.9678\SSFA-Sheeps_NMPfilled_v2 --- L7_Ovis_7898_lm2_sin.mnt,-8.266789643,-0.008084043853,1.711181079e-06,0.04554727276,7.009270638e-06,-3.289007983e-05,-7.245651633e-12,-2.939188066e-11,L7_Ovis_7898_lm2_sin,D:\Data\3Ddata\SSFA\Sheeps\Original surfaces\L7_Ovis_7898_lm2_sin.sur,Surface,X,199.9499895,1551,0.1289999932,Y,199.9499895,1551,0.1289999932,Z,31.903,268435457,1.188479359e-07,0,L7_Ovis_7898_lm2_sin > Form removed (LS-poly 2) > Leveled (LS-plane),Z,0,L7_Ovis_7898_lm2_sin > Form removed (LS-poly 2) > Leveled (LS-plane) > Filled-in non-measured points,Surface,X,199.9499895,1551,0.1289999932,Y,199.9499895,1551,0.1289999932,Z,Unknown,10.52132729,88527640,1.188479359e-07,0.005048872863,0.01983974679,0.9968872433,3.366696049,0.1909999738,0.4014150683,1.052229883,
2021/08/30,16:52:25,D:\Data\3Ddata\SSFA\Sheeps\ConfoMap results\v8.2.9678\SSFA-Sheeps_NMPfilled_v2 --- L7_Ovis_80133_lm2_dex.mnt,0.9771217089,-0.004917279571,2.951642791e-06,0.001473985058,4.42343373e-07,-1.171885115e-06,-5.223060909e-13,-1.557989519e-12,L7_Ovis_80133_lm2_dex,D:\Data\3Ddata\SSFA\Sheeps\Original surfaces\L7_Ovis_80133_lm2_dex.sur,Surface,X,199.9499895,1551,0.1289999932,Y,199.9499895,1551,0.1289999932,Z,7.195000006,382220838,1.882419609e-08,0,L7_Ovis_80133_lm2_dex > Form removed (LS-poly 2) > Leveled (LS-plane),Z,0,L7_Ovis_80133_lm2_dex > Form removed (LS-poly 2) > Leveled (LS-plane) > Filled-in non-measured points,Surface,X,199.9499895,1551,0.1289999932,Y,199.9499895,1551,0.1289999932,Z,Unknown,5.931610132,315105628,1.882419609e-08,0.006600089147,0.01917068037,0.9985589468,1.955166534,0.1777683958,0.489765532,1.014794327,
2021/08/30,16:53:15,D:\Data\3Ddata\SSFA\Sheeps\ConfoMap results\v8.2.9678\SSFA-Sheeps_NMPfilled_v2 --- L7_Ovis_80312_lm2_sin.mnt,4.937969141,-0.00677589156,6.406001114e-07,-0.006557429878,7.462003687e-06,4.997050993e-07,1.534383787e-12,-3.901934089e-12,L7_Ovis_80312_lm2_sin,D:\Data\3Ddata\SSFA\Sheeps\Original surfaces\L7_Ovis_80312_lm2_sin.sur,Surface,X,199.9499895,1551,0.1289999932,Y,199.9499895,1551,0.1289999932,Z,8.534000012,522530369,1.633206512e-08,0,L7_Ovis_80312_lm2_sin > Form removed (LS-poly 2) > Leveled (LS-plane),Z,0,L7_Ovis_80312_lm2_sin > Form removed (LS-poly 2) > Leveled (LS-plane) > Filled-in non-measured points,Surface,X,199.9499895,1551,0.1289999932,Y,199.9499895,1551,0.1289999932,Z,Unknown,6.094473598,373160011,1.633206512e-08,0.007925134399,0.02001019556,0.9982346822,1.355702738,44.73203402,0.3011009454,0.6856977165,
2021/08/30,16:54:04,D:\Data\3Ddata\SSFA\Sheeps\ConfoMap results\v8.2.9678\SSFA-Sheeps_NMPfilled_v2 --- L7_Ovis_80718_lm2_sin.mnt,-4.546792505,-0.0009374844708,1.105526232e-06,0.01777171417,-1.001543745e-06,-1.096480158e-05,1.605891747e-11,6.673959833e-12,L7_Ovis_80718_lm2_sin,D:\Data\3Ddata\SSFA\Sheeps\Original surfaces\L7_Ovis_80718_lm2_sin.sur,Surface,X,199.9499895,1551,0.1289999932,Y,199.9499895,1551,0.1289999932,Z,13.004,268435462,4.844367396e-08,0,L7_Ovis_80718_lm2_sin > Form removed (LS-poly 2) > Leveled (LS-plane),Z,0,L7_Ovis_80718_lm2_sin > Form removed (LS-poly 2) > Leveled (LS-plane) > Filled-in non-measured points,Surface,X,199.9499895,1551,0.1289999932,Y,199.9499895,1551,0.1289999932,Z,Unknown,7.222769785,149096243,4.844367396e-08,0.005798404857,0.01790213881,0.9995526362,0.7939433263,0.3392058576,0.2180543091,0.56499408,
2021/08/30,16:54:54,D:\Data\3Ddata\SSFA\Sheeps\ConfoMap results\v8.2.9678\SSFA-Sheeps_NMPfilled_v2 --- L7_Ovis_90455_lm2_sin.mnt,14.77132272,-0.04127799104,1.474247153e-05,0.002523866078,2.377733418e-05,-1.351681558e-05,3.864503551e-11,1.063264951e-12,L7_Ovis_90455_lm2_sin,D:\Data\3Ddata\SSFA\Sheeps\Original surfaces\L7_Ovis_90455_lm2_sin.sur,Surface,X,199.9499895,1551,0.1289999932,Y,199.9499895,1551,0.1289999932,Z,33.52600004,454981006,7.368659263e-08,0,L7_Ovis_90455_lm2_sin > Form removed (LS-poly 2) > Leveled (LS-plane),Z,0,L7_Ovis_90455_lm2_sin > Form removed (LS-poly 2) > Leveled (LS-plane) > Filled-in non-measured points,Surface,X,199.9499895,1551,0.1289999932,Y,199.9499895,1551,0.1289999932,Z,Unknown,13.73183004,186354526,7.368659263e-08,0.001323686662,0.01826430911,0.9978898699,3.132384629,0.3157072744,1.167792107,1.877344641,
#,#,#,nm,nm,nm,nm,nm,nm,°,°,<no unit>,<no unit>,<no unit>,<no unit>,µm,points,µm,<no unit>,µm,points,µm,<no unit>,nm,digits,nm,%,<no unit>,<no unit>,%,<no unit>,<no unit>,<no unit>,µm,points,µm,<no unit>,µm,points,µm,<no unit>,<no unit>,nm,digits,nm,<no unit>,<no unit>,<no unit>,<no unit>,µm²,<no unit>,<no unit>,
2021/08/30,16:55:44,D:\Data\3Ddata\SSFA\Sheeps\ConfoMap results\v8.2.9678\SSFA-Sheeps_NMPfilled_v2 --- L8-Ovis-00234-lm2sin-a.mnt,-1030.328657,0.4330537939,-0.0001320076424,3.326065362,-0.0002930604797,-0.001998373024,-6.186005274e-13,1.525050916e-13,L8-Ovis-00234-lm2sin-a,D:\Data\3Ddata\SSFA\Sheeps\Original surfaces\L8-Ovis-00234-lm2sin-a.sur,Surface,X,201.1149743,1561,0.1289198553,Y,200.1286055,1551,0.1291152294,Z,7055.250594,70552505,0.0001000000013,0,L8-Ovis-00234-lm2sin-a > Form removed (LS-poly 2) > Leveled (LS-plane),Z,0,L8-Ovis-00234-lm2sin-a > Form removed (LS-poly 2) > Leveled (LS-plane) > Filled-in non-measured points,Surface,X,201.1149743,1561,0.1289198553,Y,200.1286055,1551,0.1291152294,Z,Topography,6725.94789,67259478,0.0001000000013,0.00451576597,0.0171851908,0.99875398,1.189109554,0.3398121559,0.4077317081,0.6931127501,
2021/08/30,16:56:34,D:\Data\3Ddata\SSFA\Sheeps\ConfoMap results\v8.2.9678\SSFA-Sheeps_NMPfilled_v2 --- L8-Ovis-08043-lm2sin-a.mnt,118.0279199,-1.898536658,0.000781403349,2.138869338,0.0008768353977,-0.001821161902,2.458853477e-14,-1.106301924e-13,L8-Ovis-08043-lm2sin-a,D:\Data\3Ddata\SSFA\Sheeps\Original surfaces\L8-Ovis-08043-lm2sin-a.sur,Surface,X,201.1149743,1561,0.1289198553,Y,200.1286055,1551,0.1291152294,Z,5394.563072,53945630,0.0001000000013,0,L8-Ovis-08043-lm2sin-a > Form removed (LS-poly 2) > Leveled (LS-plane),Z,0,L8-Ovis-08043-lm2sin-a > Form removed (LS-poly 2) > Leveled (LS-plane) > Filled-in non-measured points,Surface,X,201.1149743,1561,0.1289198553,Y,200.1286055,1551,0.1291152294,Z,Topography,3924.081252,39240812,0.0001000000013,0.001674513564,0.01697968866,0.9996968092,2.867317628,1.90339541,0.1468215736,0.4120698957,
2021/08/30,16:57:23,D:\Data\3Ddata\SSFA\Sheeps\ConfoMap results\v8.2.9678\SSFA-Sheeps_NMPfilled_v2 --- L8-Ovis-12772-lm2dex-a.mnt,2957.098431,-10.10774371,0.004561924438,1.735031834,0.00385953753,-0.003061594263,2.169576507e-13,-4.489208446e-13,L8-Ovis-12772-lm2dex-a,D:\Data\3Ddata\SSFA\Sheeps\Original surfaces\L8-Ovis-12772-lm2dex-a.sur,Surface,X,201.1149743,1561,0.1289198553,Y,200.1286055,1551,0.1291152294,Z,7761.17278,7761173,0.0009999999717,0,L8-Ovis-12772-lm2dex-a > Form removed (LS-poly 2) > Leveled (LS-plane),Z,0,L8-Ovis-12772-lm2dex-a > Form removed (LS-poly 2) > Leveled (LS-plane) > Filled-in non-measured points,Surface,X,201.1149743,1561,0.1289198553,Y,200.1286055,1551,0.1291152294,Z,Topography,4523.422872,4523423,0.0009999999717,0.007887921169,0.01766117694,0.9990912635,0.85543084,2.725353175,0.2463532555,0.4548710229,
2021/08/30,16:58:12,D:\Data\3Ddata\SSFA\Sheeps\ConfoMap results\v8.2.9678\SSFA-Sheeps_NMPfilled_v2 --- L8-Ovis-80356-lm2sin-a.mnt,-5054.26749,5.032263126,-0.004936367594,17.20366339,0.00344318751,-0.01283183848,-2.22381592e-13,-5.668654249e-14,L8-Ovis-80356-lm2sin-a,D:\Data\3Ddata\SSFA\Sheeps\Original surfaces\L8-Ovis-80356-lm2sin-a.sur,Surface,X,201.1149743,1561,0.1289198553,Y,200.1286055,1551,0.1291152294,Z,12824.58664,12824587,0.0009999999717,0,L8-Ovis-80356-lm2sin-a > Form removed (LS-poly 2) > Leveled (LS-plane),Z,0,L8-Ovis-80356-lm2sin-a > Form removed (LS-poly 2) > Leveled (LS-plane) > Filled-in non-measured points,Surface,X,201.1149743,1561,0.1289198553,Y,200.1286055,1551,0.1291152294,Z,Topography,4750.400866,4750401,0.0009999999717,0.006700542038,0.01685242918,0.9994250184,0.8323418807,1.648813401,0.2266678492,0.3846998791,
2021/08/30,16:59:01,D:\Data\3Ddata\SSFA\Sheeps\ConfoMap results\v8.2.9678\SSFA-Sheeps_NMPfilled_v2 --- L8-Ovis-90045-lm2dex-a.mnt,-4170.22763,-5.391708835,0.002247615824,23.48101406,0.002432810516,-0.01637329437,-1.520511536e-12,-1.62653805e-12,L8-Ovis-90045-lm2dex-a,D:\Data\3Ddata\SSFA\Sheeps\Original surfaces\L8-Ovis-90045-lm2dex-a.sur,Surface,X,201.1149743,1561,0.1289198553,Y,200.1286055,1551,0.1291152294,Z,13126.15963,13126160,0.0009999999717,0,L8-Ovis-90045-lm2dex-a > Form removed (LS-poly 2) > Leveled (LS-plane),Z,0,L8-Ovis-90045-lm2dex-a > Form removed (LS-poly 2) > Leveled (LS-plane) > Filled-in non-measured points,Surface,X,201.1149743,1561,0.1289198553,Y,200.1286055,1551,0.1291152294,Z,Topography,6736.215809,6736216,0.0009999999717,0.003714558856,0.01764824366,0.999026571,1.327527764,0.220885081,0.246360792,0.51189897,
2021/08/30,16:59:52,D:\Data\3Ddata\SSFA\Sheeps\ConfoMap results\v8.2.9678\SSFA-Sheeps_NMPfilled_v2 --- L8-Ovis-90256-lm2sin-a.mnt,-6157.987915,-5.403086894,0.0002240362205,34.38675323,0.006520761793,-0.02546641769,4.962906261e-13,1.510422068e-12,L8-Ovis-90256-lm2sin-a,D:\Data\3Ddata\SSFA\Sheeps\Original surfaces\L8-Ovis-90256-lm2sin-a.sur,Surface,X,201.1149743,1561,0.1289198553,Y,200.1286055,1551,0.1291152294,Z,24692.0443,24692045,0.0009999999717,0,L8-Ovis-90256-lm2sin-a > Form removed (LS-poly 2) > Leveled (LS-plane),Z,0,L8-Ovis-90256-lm2sin-a > Form removed (LS-poly 2) > Leveled (LS-plane) > Filled-in non-measured points,Surface,X,201.1149743,1561,0.1289198553,Y,200.1286055,1551,0.1291152294,Z,Topography,10691.6407,10691641,0.0009999999717,0.005346323534,0.01876502383,0.9982377485,8.348868372,0.1913413681,0.4207267812,0.7145951027,
2021/08/30,17:00:41,D:\Data\3Ddata\SSFA\Sheeps\ConfoMap results\v8.2.9678\SSFA-Sheeps_NMPfilled_v2 --- L8-Ovis-90300-lm2sin-a.mnt,-11929.94519,10.86087249,-0.004741338446,31.78578436,-0.004470173562,-0.01825745096,-1.402088818e-12,-7.872115013e-13,L8-Ovis-90300-lm2sin-a,D:\Data\3Ddata\SSFA\Sheeps\Original surfaces\L8-Ovis-90300-lm2sin-a.sur,Surface,X,201.1149743,1561,0.1289198553,Y,200.1286055,1551,0.1291152294,Z,24791.4983,24791499,0.0009999999717,0,L8-Ovis-90300-lm2sin-a > Form removed (LS-poly 2) > Leveled (LS-plane),Z,0,L8-Ovis-90300-lm2sin-a > Form removed (LS-poly 2) > Leveled (LS-plane) > Filled-in non-measured points,Surface,X,201.1149743,1561,0.1289198553,Y,200.1286055,1551,0.1291152294,Z,Topography,13113.56163,13113562,0.0009999999717,0.005882298625,0.0185811976,0.9984011385,1.943527718,0.1913413681,1.139163136,1.346246106,
2021/08/30,17:01:31,D:\Data\3Ddata\SSFA\Sheeps\ConfoMap results\v8.2.9678\SSFA-Sheeps_NMPfilled_v2 --- L8-Ovis-90730-lm2sin-a.mnt,-2020.459059,-3.440749546,0.002041761472,11.54689111,0.0003298085808,-0.007615575354,6.535849229e-13,2.989757967e-13,L8-Ovis-90730-lm2sin-a,D:\Data\3Ddata\SSFA\Sheeps\Original surfaces\L8-Ovis-90730-lm2sin-a.sur,Surface,X,201.1149743,1561,0.1289198553,Y,200.1286055,1551,0.1291152294,Z,12775.28664,12775287,0.0009999999717,0,L8-Ovis-90730-lm2sin-a > Form removed (LS-poly 2) > Leveled (LS-plane),Z,0,L8-Ovis-90730-lm2sin-a > Form removed (LS-poly 2) > Leveled (LS-plane) > Filled-in non-measured points,Surface,X,201.1149743,1561,0.1289198553,Y,200.1286055,1551,0.1291152294,Z,Topography,12601.28964,12601290,0.0009999999717,0.0003355399204,0.01769705167,0.996824313,1.828119937,4.192714753,0.8282796919,1.123493299,
2021/08/30,17:02:22,D:\Data\3Ddata\SSFA\Sheeps\ConfoMap results\v8.2.9678\SSFA-Sheeps_NMPfilled_v2 --- L8-Ovis-90764-lm2sin-a.mnt,608.8186037,-0.1988495874,-0.0003813142891,-1.357740985,0.001024128875,0.0003605938463,1.970698661e-12,8.402408475e-13,L8-Ovis-90764-lm2sin-a,D:\Data\3Ddata\SSFA\Sheeps\Original surfaces\L8-Ovis-90764-lm2sin-a.sur,Surface,X,201.1149743,1561,0.1289198553,Y,200.1286055,1551,0.1291152294,Z,12014.37966,12014380,0.0009999999717,0,L8-Ovis-90764-lm2sin-a > Form removed (LS-poly 2) > Leveled (LS-plane),Z,0,L8-Ovis-90764-lm2sin-a > Form removed (LS-poly 2) > Leveled (LS-plane) > Filled-in non-measured points,Surface,X,201.1149743,1561,0.1289198553,Y,200.1286055,1551,0.1291152294,Z,Topography,11997.29566,11997296,0.0009999999717,0.003402700285,0.01897771794,0.9988499029,2.864831406,0.4865558324,0.6374994163,1.538942513,
2021/08/30,17:03:12,D:\Data\3Ddata\SSFA\Sheeps\ConfoMap results\v8.2.9678\SSFA-Sheeps_NMPfilled_v2 --- L8-Ovis-90814-lm2sin-a.mnt,-2555.205498,0.8150891443,-0.0005125306139,9.061480482,-2.005340215e-05,-0.00583602505,-2.531172697e-14,-1.426306612e-14,L8-Ovis-90814-lm2sin-a,D:\Data\3Ddata\SSFA\Sheeps\Original surfaces\L8-Ovis-90814-lm2sin-a.sur,Surface,X,201.1149743,1561,0.1289198553,Y,200.1286055,1551,0.1291152294,Z,6174.921982,61749219,0.0001000000013,0,L8-Ovis-90814-lm2sin-a > Form removed (LS-poly 2) > Leveled (LS-plane),Z,0,L8-Ovis-90814-lm2sin-a > Form removed (LS-poly 2) > Leveled (LS-plane) > Filled-in non-measured points,Surface,X,201.1149743,1561,0.1289198553,Y,200.1286055,1551,0.1291152294,Z,Topography,3360.593045,33605930,0.0001000000013,0.001219624955,0.01749796943,0.9994785208,1.481662424,1.237247232,0.3706908731,0.8041382014,
